ID,Name,Description,Creator,Contributor,Citation,Source,DOI,Version
aaleykusunda,aaleykusunda,"CLDF dataset derived from Aaley and Bodt's ""New Kusunda data: A list of 250 concepts"" from 2020",Uday Raj Aaley AND Timotheus A. Bodt,Johann-Mattis List,"Uday Raj Aaley and Timotheus A. Bodt (2020): New Kusunda data: A list of 250 concepts. Computer-Assisted Language Comparison in Practice 3.4 (08/04/2020), URL: https://calc.hypotheses.org/2414.",aaleykusunda,10.5281/zenodo.13149034,v2.1
abrahammonpa,abrahammonpa,"CLDF dataset derived from Abraham et al.'s ""Sociolinguistic Research on Monpa"" from 2018",Binny Abraham AND Kara Sako AND Elina Kinny AND Isapdaile Zeliang,Johann-Mattis List,"Abraham, Binny, Kara Sako, Elina Kinny, and Isapdaile Zeliang (2018):  Sociolinguistic Research among Selected Groups in Western Arunachal Pradesh: Highlighting Monpa. Dallas: SIL International.",abrahammonpa,10.5281/zenodo.13149071,v3.1
allenbai,allenbai,"CLDF dataset derived from Allen's ""Bai Dialect Survey"" from 2007",Bryan Allen,Johann-Mattis List,"Allen, Bryan (2007): Bai Dialect Survey. Dallas: SIL International.",allenbai,10.5281/zenodo.13149106,v4.1
backstromnorthernpakistan,backstromnorthernpakistan,"CLDF dataset derived from Backstrom and Radloff's ""Sociolinguistic Survey of Northern Pakistan"" from 1992","Backstrom, Peter C. AND Radloff, Carla F.",Christoph Rzymski AND Johann-Mattis List,"Backstrom, Peter C. and Radloff, Carla F. (1992): Sociolinguistic Survey of Northern Pakistan, Volume 2. Languages of Northern Areas. Islamabad: National Institute of Pakistan Studies.",backstromnorthernpakistan,10.5281/zenodo.13149113,v1.1
baf2,baf2,"CLDF dataset underlying the study ""First steps towards the detection of contact layers in Bangime: a multi-disciplinary, computer-assisted approach"" from 2022",Abbie Hantgan AND Hiba Babiker AND Johann-Mattis List,Johann-Mattis List,"Hantgan, Abbie and Babiker, Hiba and List, Johann-Mattis (2022): First steps towards the detection of contact layers in Bangime: a multi-disciplinary, computer-assisted approach [version 2; peer review: 2 approved]. Open Research Europe 2022, 2:10.",baf2,10.5281/zenodo.14001726,v1.2
bantubvd,bantubvd,"CLDF dataset derived from Greenhill and Gray’s ""Bantu Basic Vocabulary Database"" from 2015",Simon J. Greenhill AND Russell Gray,Christoph Rzymski AND Johann-Mattis List,"Simon Greenhill and Russell Gray, 2015. Bantu Basic Vocabulary Database",bantubvd,10.5281/zenodo.13143126,v4.1
beidasinitic,beidasinitic,"CLDF dataset derived from Beijing University's ""Chinese Dialect Vocabularies"" from 1964",Beijing University,Johann-Mattis List,Běijīng Dàxué 北京大学 (1964): Hànyǔ fāngyán cíhuì 汉语方言词汇 [Chinese dialect vocabularies]. Beijing: Wenzi Gaige.,beidasinitic,10.5281/zenodo.13149151,v5.1
bodtkhobwa,bodtkhobwa,"CLDF dataset derived from Bodt's ""Lexical Cognates in Western Kho-Bwa"" from 2019",Timotheus A. Bodt AND Johann-Mattis List,Johann-Mattis List,"Bodt, Timotheus Adrianus and List, Johann-Mattis (2019): Testing the predictive strength of the comparative method: An ongoing experiment on unattested words in Western Kho-Bwa languages. Papers in Historical Phonology 4.1: 22-44.",bodtkhobwa,10.5281/zenodo.13149621,v3.3
bowernpny,bowernpny,"CLDF dataset derived from Bowern and Atkinson's ""Internal Structure of Pama-Nyungan"" from 2012",Claire Bowern,Johann-Mattis List AND Christoph Rzymski,"Bowern, Claire, &amp; Atkinson, Quentin. (2012). Computational Phylogenetics and the Internal Structure of Pama-Nyungan: Dataset [Data set]. Language. http://doi.org/10.1353/lan.2012.0081",bowernpny,10.5281/zenodo.13143103,v4.1
bremerberta,bremerberta,"CLDF dataset derived from Bremer's ""Sociolinguistic Survey of Six Berta Speech Varieties in Ethiopia"" from 2016",Nate D. Bremer,Christoph Rzymski,"Bremer, Nate D. (2016): A Sociolinguistic Survey of Six Berta Speech Varieties in Ethiopia. SIL Electronic Survey Reports 2016-007. Dallas: SIL International.",bremerberta,10.5281/zenodo.13829541,v1.3
castrosui,castrosui,"CLDF dataset derived from Castro's ""Sui Dialect Research"" from 2015",Andy Castro,Johann-Mattis List,"Castro, Andy and Pan, Xingwen (2015): Sui dialect research. SIL: Guiyang.",castrosui,10.5281/zenodo.13149296,v3.1
castroyi,castroyi,"CLDF dataset derived from Castro et al.'s ""Yi Varieties in Heqing"" from 2010",Andy Castro AND Brian Crook AND Royce Flaming,Johann-Mattis List,"Castro, Andy; Crook, Brian; Flaming, Royce (2010): A sociolinguistic survey of Kua-nsi and related Yi varieties in Heqing county, Yunnan province, China. SIL Electronic Survey Reports 2010-001. Dallas: SIL International.",castroyi,10.5281/zenodo.13149313,v1.1
castrozhuang,castrozhuang,"CLDF dataset derived from Castro and Hansen's ""Zhuang Dialects in Hongshui He"" from 2010",Andy Castro AND Bruce Hansen,Johann-Mattis List,"Castro, Andy; Hansen, Bruce (2010): Hongshui He Zhuang dialect intelligibility survey. Dallas: SIL International.",castrozhuang,10.5281/zenodo.13149318,v1.1
chacolanguages,chacolanguages,"CLDF dataset accompanying Brid et al.'s ""Comparative Wordlist for the Languages of the Gran Chaco Area"" from 2022",Nicolás Brid AND Cristina Messineo,Johann-Mattis List,"Brid, Nicolás, Cristina Messineo, and Johann-Mattis List (2022): A Comparative Wordlist for the Languages of the Gran Chaco Area. Leipzig: Max Planck Institute for Evolutionary Anthropology.",chacolanguages,10.5281/zenodo.13684237,v0.3
chenhmongmien,chenhmongmien,"CLDF dataset derived from Chén's ""Miao and Yao Language"" from 2012","Chen, Qiguang",Johann-Mattis List,"Chén, Qíguāng 陳其光 (2012): Miáoyáo yǔwén 苗瑤语文 [Miao and Yao language]. Zhōngyāng Mínzú Dàxué 中央民族大学 [China Minzu University Press].",chenhmongmien,10.5281/zenodo.13149500,v3.1
chindialectsurvey,chindialectsurvey,"CLDF dataset derived from the LSDO's ""Chin Dialect Data"" from 2019",Nathan Statezni,Johann-Mattis List,Language and Social Development Organization (2019): Chin dialect data collection. Yangon: LSDO.,chindialectsurvey,10.5281/zenodo.13149727,v1.1
clarkkimmun,clarkkimmun,"CLDF dataset derived from Clark's ""Phonological Analysis and Comparison of Two Kim Mun Varieties"" from 2008","Clark, E. R.",Johann-Mattis List,"Clark, E. R. (2008). A phonological analysis and comparison of two Kim Mun varieties in Laos and Vietnam. Payap University: Chiang Mai.",clarkkimmun,10.5281/zenodo.13149728,v1.1
dhakalsouthwesttibetic,dhakalsouthwesttibetic,"CLDF dataset derived from Dhakal et al.'s ""South-Western Tibetic"" from 2024",Dubi Nanda Dhakal AND Johann-Mattis List AND Sean Roberts,,"Dhakal, D. N., List, J.-M., Roberts, S. G.(2024) A Phylogenetic Study of South-Western Tibetic. Journal of Language Evolution. https://doi.org/10.1093/jole/lzae008",dhakalsouthwesttibetic,10.5281/zenodo.13868534,v1.0
gerarditupi,gerarditupi,"CLDF dataset derived from Gerardi and Reichert's ""The Tupí-Guaraní Language Family: A Phylogenetic Classification"" from 2021","Ferraz Gerardi, F. AND Reichert, S.",Johann-Mattis List,"Ferraz Gerardi, Fabrício and Reichert, Stanislav (2021) The Tupí-Guaraní Language Family: A Phylogenetic Classification. Diachronica 38(2). 151--188. DOI: https://doi.org/10.1075/dia.18032.fer.",gerarditupi,10.5281/zenodo.13841415,v2.1
gravinachadic,gravinachadic,"CLDF dataset derived from Gravina's ""Proto-Central Chadic"" from 2014",Richard Gravina,Johann-Mattis List AND Carlos Barrientos Ugarte,"Gravina, R. (2014): The phonology of Proto-Central Chadic. The reconstruction of the phonology and lexicon of Proto-Central Chadic, and the linguistic history of the Central Chadic Languages. PhD thesis. Leiden University.",gravinachadic,10.5281/zenodo.13254095,v1.0
halenepal,halenepal,"CLDF dataset derived from Hale's ""Wordlists in Selected Languages of Nepal"" from 1973",Austin Hale,Christoph Rzymski AND Johann-Mattis List,"Hale, Austin (1973): Clause, sentences, and discourse patterns in selected languages of Nepal. Kathmandu: Institute of Nepal and Asiatic Studies.",halenepal,10.5281/zenodo.13143140,v4.0
hantganbangime,hantganbangime,"CLDF dataset accompanying Hantgan and List's ""Bangime and Friends"" from 2018",Abbie Hantgan AND Johann-Mattis List,Johann-Mattis List,"Hantgan, Abbie and List, Johann-Mattis (2018): Bangime. Secret language, language isolate, or language island? Journal of Language Contact.",hantganbangime,10.5281/zenodo.13319171,v1.1
heathdogon,heathdogon,"CLDF dataset derived from Heath et al's ""Dogon Comparative Wordlist"" from 2016",Jeffrey Heath AND Laura McPherson AND Kirill Prokhorov AND Steven Moran,Abbie Hantgan AND Johann-Mattis List AND Promise Dodzi Kpoglu,"Moran, Steven &amp; Forkel, Robert &amp; Heath, Jeffrey (eds.) 2016. Dogon and Bangime Linguistics. Jena: Max Planck Institute for the Science of Human History. (Available online at http://dogonlanguages.info, Accessed on 2024-08-12.)",heathdogon,10.5281/zenodo.13304440,v0.3
hsiuhmongmien,hsiuhmongmien,"CLDF dataset derived from Hsiu's ""Classification of Na-Meo"" from 2015","Hsiuh, Andrew",Johann-Mattis List,"Hsiu, Andrew (2015): The classification of Na Meo, a Hmong-Mien language of Vietnam. Handout prepared for SEALS 25 (Chiang Mai, 2015/05/27-29).",hsiuhmongmien,10.5281/zenodo.13269392,v1.1
hubercolumbian,hubercolumbian,"CLDF dataset derived from Huber and Reed's ""Comparative Vocabulary"" from 1992","Huber, R. Q. AND Reed, R. B.",Johann-Mattis List,"Huber, R. Q. and Reed, R. B. 1992. Vocabulario comparativo: palabras selectas de lenguas indígenas de Colombia [Comparative vocabulary. Selected words from the indigenous languages of Columbia]. Santa Fé de Bogota: Asociación Instituto Lingüístico de Verano.",hubercolumbian,10.5281/zenodo.13254493,v4.0.2
huntergatherer,huntergatherer,"CLDF dataset derived from Bowern et al.'s ""Hunter - Gatherer Language Database"" from 2021",Claire Bowern AND Patience Epps AND Jane Hill AND Patrick McConvell,Robert Forkel AND Christoph Rzymski AND Johann-Mattis List AND Carlos Barrientos,"Bowern, Claire, Patience Epps, Jane Hill, and Patrick McConvell. Hunter - Gatherer Language Database. https://huntergatherer.la.utexas.edu/ Accessed 2021-04-27.",huntergatherer,10.5281/zenodo.13832119,v2.1
idssegmented,idssegmented,"CLDF dataset accompanying List's ""Inference of Partial Colexifications"" from 2023 building on Key and Comrie's ""Intercontinental Dictionary Series"" from 2021","Key, M. R AND Comrie, B.",Johann-Mattis List,"List, J.-M. (2023): Inference of partial colexifications from multilingual wordlists. Frontiers in Psychology 14.1156540. 1-10.",idssegmented,10.5281/zenodo.13832130,v1.2
ivanisuansu,ivanisuansu,"CLDF dataset derived from Ivani's ""Basic Words in Suansu"" from 2019",Jessica Katiuscia Ivani,Johann-Mattis List,"Ivani, J. K. (2019): A first overview on Suansu, a Tibeto-Burman language from Northeastern India. Talk, held at the 29th conference of the Southeast Asian Linguistic Society (27-29 May, Tokyo). https://zenodo.org/record/3383006",ivanisuansu,10.5281/zenodo.13254433,v2.0
johanssonsoundsymbolic,johanssonsoundsymbolic,"CLDF dataset derived from the Johansson et al.'s ""The typology of sound symbolism"" from 2020 ",Niklas Erben Johansson,Johann-Mattis List,"Erben Johansson, N., Anikin, A., Carling, G., &amp; Holmer, A. (2020). The typology of sound symbolism: Defining macro-concepts via their semantic and phonetic features, Linguistic Typology , 24(2), 253-310. doi: https://doi.org/10.1515/lingty-2020-2034",johanssonsoundsymbolic,10.5281/zenodo.14001750,v1.3
keypano,keypano,"CLDF dataset on Panoan Languages in Standardized Transcription derived from Key and Comrie's ""Intercontinental Dictionary Series"" from 2023",Mary Ritchie Key AND Bernard Comrie,John Miller AND Johann-Mattis List,"Miller, J. and List, J.-M. (2024): Providing standardized phonetic transcriptions for the Panoan languages in the Intercontinental Dictionary Series. Computer-Assisted Language Comparison in Practice 7.2. URL: https://calc.hypotheses.org/7503.",keypano,10.5281/zenodo.13234493,v0.1
kraftchadic,kraftchadic,"CLDF dataset derived from Kraft's ""Chadic Wordlists"" from 1981","Kraft, Charles H.",Johann-Mattis List,"Kraft, Charles H. 1981. Chadic wordlists. Berlin: Dietrich Reimer.",kraftchadic,10.5281/zenodo.13832124,v4.1
lairgyalrong,lairgyalrong,"CLDF dataset derived from Lai and List's ""Comparison of Rgyalrongic Languages"" from 2023",Yunfan Lai AND Johann-Mattis List,Johann-Mattis List,"Lai, Yunfan and List, Johann-Mattis (2023): Lexical Data for the Historical Comparison of Rgyalrongic Languages [Dataset, Version 1.0]. Leipzig: Max Planck Institute for Evolutionary Anthropology.",lairgyalrong,10.5281/zenodo.14001762,v0.4
lamanisoic,lamanisoic,"CLDF dataset derived from Lama's ""Subgrouping of Nisoic (Yi) Languages"" from 2012","Lama, Ziwo Q.-F.",Johann-Mattis List,"Lama, Ziwo Q.-F. (2012). Subgrouping of Nisoic (Yi) Languages: A Study from the Perspectives of Shared Innovation and Phylogenetic Estimation. Ph.D. Thesis. The University of Texas at Arlington.",lamanisoic,10.5281/zenodo.13169526,v1.1
leecaijia,leecaijia,"CLDF dataset derived from Lee's ""Phonological Features of Caijia"" from 2022",Uday Raj Aaley AND Timotheus A. Bodt,Johann-Mattis List,"Lee, Man Hei (2022): Phonological features of Caijia that are notable from a diachronic perspective. Journal of Historical Linguistics. DOI: https://doi.org/10.1075/jhl.21025.lee",leecaijia,10.5281/zenodo.13253594,v1.0
lindseyende,lindseyende,Ende (Papua New Guinea) IDS wordlist by Kate Lynn Lindsey,Kate Lynn Lindsey,Frederic Blum,"Kate Lynn Lindsey. 2020. Ende (Papua New Guinea) dictionary. In: Key, Mary Ritchie &amp; Comrie, Bernard (eds.) The Intercontinental Dictionary Series. Leipzig: Max Planck Institute for Evolutionary Anthropology. (Available online at https://ids.clld.org/)",lindseyende,10.5281/zenodo.13254739,v2.2
listsamplesize,listsamplesize,"CLDF Dataset derived from List's ""Sample Size and Cognate Detection"" from 2014",Johann-Mattis List,Johann-Mattis List,"List, Johann-Mattis (2014): Investigating the impact of sample size on cognate detection. Journal of Language Relationship. 11. 91-102. DOI: https://doi.org/10.31826/jlr-2014-110111",listsamplesize,10.5281/zenodo.13169429,v1.1
luangthongkumkaren,luangthongkumkaren,"CLDF dataset derived from Luangthongkum's ""Proto-Karen Phonology and Lexicon"" from 2019","Luangthongkum, Theraphan",Johann-Mattis List,"Luangthongkum, Theraphan (2019). A View on Proto-Karen Phonology and Lexicon, Journal of Southest Asian Linguistics Society, 12.1, i-lii. doi: http://hdl.handle.net/10524/52441",luangthongkumkaren,10.5281/zenodo.13254728,v1.1
mannburmish,mannburmish,"CLDF dataset derived from Mann's ""Phonological Reconstruction of Proto Northern Burmic"" from 1998",Noel Walter Mann,Johann-Mattis List,"Mann, Noel W. 1998. A phonological reconstruction of Proto Northern Burmic. (PhD Thesis).",mannburmish,10.5281/zenodo.13235497,v1.3
marrisonnaga,marrisonnaga,"CLDF dataset derived from Marrison's ""Naga Languages of North-East India"" from 1967",Geoffrey E. Marrison,Johann-Mattis List,"Marrison, Geoffrey Edward (1967) : The classification of the Naga languages of North-East India. London: School of African and Oriental Sciences.",marrisonnaga,10.5281/zenodo.13235510,v3.1
mitterhoferbena,mitterhoferbena,"CLDF dataset derived from Mitterhofer's ""Dialect Survey of Bena"" from 2013",Bernadette Mitterhofer,Johann-Mattis List AND Christoph Rzymski,"Mitterhofer, Bernadette. 2013. Lessons from a dialect survey of Bena: Analyzing wordlists. SIL International.",mitterhoferbena,10.5281/zenodo.13235478,v3.1
mixtecansubgrouping,mixtecansubgrouping,"CLDF dataset accompanying Auderset et al.'s ""Subgrouping in a dialect continuum"" from 2023",Sandra Auderset AND Simon J. Greenhill,Johann-Mattis List AND Johannes English AND Christoph Rzymski AND Simon J. Greenhill,"Auderset, Sandra, Simon J. Greenhill, Christian T. DiCanio, Eric W. Campbell. (2023) &quot;Subgrouping in a `dialect continuum&#x27;: A Bayesian phylogenetic analysis of the Mixtecan language family&quot;. Journal of Language Evolution 8 (1). 33–-63. DOI: https://doi.org/10.1093/jole/lzad004.",mixtecansubgrouping,10.5281/zenodo.14001610,v0.4
naganorgyalrongic,naganorgyalrongic,"CLDF dataset derived from Nagano and Prins' ""rGyalrongic Languages Database"" from 2013",Yasuhiko Nagano AND Marielle Prins,Johann-Mattis List,"Nagano, Yasuhiko and Prins, Marielle (2013): rGyalrongic Languages Database. Osaka: National Museum of Ethnology.",naganorgyalrongic,10.5281/zenodo.13220621,v3.1
northeuralex,northeuralex,"CLDF dataset derived from Dellert et al.'s ""NorthEuraLex (Version 0.9)"" from 2020",Johannes Dellert,Johann-Mattis List AND Robert Forkel,"Dellert, J., Daneyko, T., Münch, A. et al (2020). NorthEuraLex (Version 0.9). Lang Resources and Evaluation. https://doi.org/10.1007/s10579-019-09480-6",northeuralex,10.5281/zenodo.13269523,v4.1
oskolskayatungusic,oskolskayatungusic,"CLDF dataset derived from Oskolskaya et al.'s ""A Bayesian approach to the classification of Tungusic languages"" from 2021",Sofia Oskolskaya AND Ezequiel Koile AND Martine Robbeets,Simon Greenhill,"Oskolskaya, S., Koile, E., &amp; Robbeets, M. (2021). A Bayesian approach to the classification of Tungusic languages. Diachronica, 39(1), 128–158. https://doi.org/10.1075/dia.20010.osk",oskolskayatungusic,10.5281/zenodo.13163376,v1.1
othanieljen,othanieljen,"CLDF dataset derived from Othaniel's ""Jen Cluster Comparative Wordlist"" from 2017",Nlabephee Kefas Othaniel,Kristina-Pianykh AND Christoph Rzymski AND Johann-Mattis List,"Othaniel, Nlabephee Kefas. 2017. A phonological comparative study of the Jen language cluster. (MA thesis, Jos: Theological College of Northern Nigeria; 1–83pp.)",othanieljen,10.5281/zenodo.13829625,v1.2
polyglottaafricana,polyglottaafricana,"CLDF dataset derived from Koelle's ""Polyglotta Africana"" from 1854",Sigismund Koelle,Guillaume Segerer AND Robert Forkel AND Johann-Mattis List,"Koelle, Sigismund W. (1854). Polyglotta Africana or Comparative Vocabulary of Nearly Three Hundred Words and Phrases in more than One Hundred Distinct African Languages. London: Church Missionary House.",polyglottaafricana,10.5281/zenodo.13221020,v2.1
robbeetstriangulation,robbeetstriangulation,"CLDF dataset derived from Robbeets et al.'s ""Triangulation of Transeurasian Languages"" from 2021",Martine Robbeets,,"Robbeets, M., Bouckaert, R., Conte, M. et al. Triangulation supports agricultural spread of the Transeurasian languages. Nature 599, 616–621 (2021). https://doi.org/10.1038/s41586-021-04108-8",robbeetstriangulation,10.5281/zenodo.14506169,v0.2
robinsonap,robinsonap,"CLDF dataset derived from Robinson and Holton's ""Internal Classification of the Alor-Pantar Language Family"" from 2012","Robinson, Laura C. AND Holton, Gary",Christoph Rzymski AND Johann-Mattis List,"Robinson, Laura C. and Holton, Gary (2012): Internal Classification of the Alor-Pantar Language Family Using Computational Methods Applied to the Lexicon. Language Dynamics and Change 2.2. 123-149.",robinsonap,10.5281/zenodo.13163515,v4.1
sohartmannchin,sohartmannchin,"CLDF dataset derived from So-Hartmann's ""Notes on the Southern Chin Languages"" from 1988",Helga So-Hartmann,Johann-Mattis List,"So-Hartmann, Helga (1988): Notes on the Southern Chin Languages. Linguistics of the Tibeto-Burman Area 11.2: 98-119.",sohartmannchin,10.5281/zenodo.13163647,v3.1
spagnolmaltese,spagnolmaltese,Maltese IDS wordlist by Michael Spagnol and Bernard Comrie,Michael Spagnol AND Bernard Comrie AND Hans-Jörg Bibiko,Robert Forkel,"Michael Spagnol and Bernard Comrie. 2020. Maltese dictionary. In: Key, Mary Ritchie &amp; Comrie, Bernard (eds.) The Intercontinental Dictionary Series. Leipzig: Max Planck Institute for Evolutionary Anthropology. (Available online at http://ids.clld.org/)",spagnolmaltese,10.5281/zenodo.14505927,v1.1
suntb,suntb,"CLDF dataset derived from Sūn's ""Tibeto-Burman Phonology and Lexicon"" from 1991","Sūn, Hóngkāi",Johann-Mattis List,"Sūn, Hóngkāi 孙宏开 (1991): Zangmianyu yuyin he cihui 藏缅语音和词汇 [Tibeto-Burman phonology and lexicon]. Beijing: Chinese Social Sciences Press.",suntb,10.5281/zenodo.13304824,v4.1
tls,tls,"CLDF dataset derived from Nurse and Philippson's ""Tanzania Language Survey"" from 1975",Derek Nurse AND Gerard Philippson,Johann-Mattis List AND Christoph Rzymski,"Nurse, Derek and Gérard Philippson (1975). The Tanzanian Language Survey. Department of Foreign Languages and Linguistics of the University of Dar es Salaam: Dar es Salaam.",tls,10.5281/zenodo.13163463,v4.2
transnewguineaorg,transnewguineaorg,"CLDF dataset derived from Greenhill's ""TransNewGuinea.org"" from 2015",Simon J. Greenhill,Simon J. Greenhill,"Greenhill, Simon J. (2015): TransNewGuinea.org: An Online Database of New Guinea Languages. PLoS ONE 10.10: e0141563.",transnewguineaorg,10.5281/zenodo.14162587,v3.2
tuled,tuled,TuLeD. Tupían Lexical Database,Fabrício Ferraz Gerardi AND Stanislav Reichert AND Carolina Aragon AND Tim Wientzek AND Johann-Mattis List AND Robert Forkel,,"Fabrício Ferraz Gerardi, Stanislav Reichert, Carolina Aragon, Johann-Mattis List, &amp; Tim Wientzek. (2021). TuLeD: Tupían lexical database. Max Planck Institute for Evolutionary Anthropology: Leipzig",tuled,10.5281/zenodo.6572576,v0.12
visserkalamang,visserkalamang,Kalamang IDS wordlist by Eline Visser,Eline Visser,Hans-Jörg Bibiko,"Eline Visser. 2021. Kalamang dictionary. In: Key, Mary Ritchie &amp; Comrie, Bernard (eds.) The Intercontinental Dictionary Series. Leipzig: Max Planck Institute for Evolutionary Anthropology. (Available online at https://ids.clld.org/)",visserkalamang,10.5281/zenodo.13220870,v2.2
wangbai,wangbai,"CLDF dataset derived from Wang's ""Language Contact and Language Comparison"" from 2004","Wang, Feng",Johann-Mattis List,"Wang, Feng (2004): Language contact and language comparison. The case of Bai. PhD thesis. Hong Kong: City University of Hong Kong.",wangbai,10.5281/zenodo.13163051,v1.1
wold,wold,"CLDF dataset derived from Haspelmath and Tadmor's ""World Loanword Database"" from 2009",Martin Haspelmath AND Uri Tadmor,Robert Forkel AND Johann-Mattis List,"Haspelmath, Martin &amp; Tadmor, Uri (eds.) 2009. World Loanword Database. Leipzig: Max Planck Institute for Evolutionary Anthropology. (Available online at http://wold.clld.org)",wold,10.5281/zenodo.13861321,v4.1
yanglalo,yanglalo,"CLDF dataset derived from Yang's ""Lalo Regional Varieties"" from 2011",Cathryn Yang,Johann-Mattis List,"Yang, Cathryn (2011): Lalo regional varieties: Phylogeny, dialectometry and sociolinguistics. Bundoora: La Trobe University.",yanglalo,10.5281/zenodo.13306849,v4.0
yangyi,yangyi,"CLDF dataset accompanying Yang's ""Phonetic Tone Change"" from 2022",Cathryn Yang,Johann-Mattis List,"Yang, Cathryn (2022): The phonetic tone change *high &gt; rising: Evidence from the Ngwi dialect laboratory. Diachronica. DOI: https://doi.org/10.1075/dia.19062.yan",yangyi,10.5281/zenodo.13220883,v1.3
yuchinese,yuchinese,Mandarin Chinese IDS wordlist by Hsiao-jung Yu and Yifan Wang,Hsiao-jung Yu AND Yifan Wang,Hans-Jörg Bibiko,"Hsiao-jung Yu and Yifan Wang. 2021. Mandarin Chinese dictionary. In: Key, Mary Ritchie &amp; Comrie, Bernard (eds.) The Intercontinental Dictionary Series. Leipzig: Max Planck Institute for Evolutionary Anthropology. (Available online at https://ids.clld.org/)",yuchinese,10.5281/zenodo.13284157,v2.1
zgraggenmadang,zgraggenmadang,"CLDF dataset derived from Z'graggen's ""Madang Comparative Wordlists"" from 1980",John Anton Z'graggen,Mattis List AND Simon J. Greenhill,"Z&#x27;graggen, J A. (1980) A comparative word list of the Northern Adelbert Range Languages, Madang Province, Papua New Guinea. Canberra: Pacific Linguistics.",zgraggenmadang,10.5281/zenodo.13163448,v4.1
zhoubizic,zhoubizic,"CLDF dataset derived from Zhou's ""Proto-Bizic"" from 2020","Zhou, Yulou",Johann-Mattis List,"Zhou, Yulou (2020): Proto-Bizic. A study of Tujia historical phonology. Bachelor Thesis. Stanford University.",zhoubizic,10.5281/zenodo.13168188,v1.2
barlowlote,barlowlote,"CLDF dataset derived from Barlow's ""Lote Wordlist"" from 2023",Russell Barlow,,"Barlow, Russell. 2024. Lote wordlist: Based on elicitation sessions with Leo Lang from Uvol village, recorded in Kokopo, East New Britain, November 2022. https://doi.org/10.5281/zenodo.14505729.",barlowlote,10.5281/zenodo.14505730,v1.0
northperulex,northperulex,"CLDF dataset derived from Barrientos et al.'s ""NorthPeruLex - A Lexical Dataset of Small Language Families and Isolates from Northern Peru (forthcoming).",Carlos Barrientos AND Frederic Blum AND Adriano Ingunza AND Rosa Gonzales AND Jaime Peña,Carlos Barrientos AND Frederic Blum,"Barrientos, Carlos and Blum, Frederic and Ingunza, Adriano and Gonzales, Rosa and Peña, Jaime. Forthcoming. NorthPeruLex - A Lexical Dataset of Small Language Families and Isolates from Northern Peru.",northperulex,10.5281/zenodo.13269803,v0.1
vanuatuvoices,vanuatuvoices,Vanuatu Voices,Lana Takau AND Mary Walworth AND Aviva Shimelman AND Sandrine Bessis AND Tom Ennever AND Iveth Rodriguez AND Hans-Jörg Bibiko AND Daria Dërmaku AND Murray Garde AND Marie-France Duhamel AND Giovanni Abete AND Laura Wägerle AND Kaitip W. Kami AND Russell Gray,,,vanuatuvoices,10.5281/zenodo.10821732,v1.1
abvdphilippines,abvdphilippines,"CLDF dataset derived from Greenhill et al.'s ""Austronesian Basic Vocabulary Database"" from 2020 focusing on Philippine languages",Simon J. Greenhill AND Robert Blust AND Russell D. Gray AND Benedict King AND Lawrence A. Reid AND Malcolm Ross AND Mary Walworth,Simon J. Greenhill AND Frederic Blum,"Greenhill, S.J., Blust. R, &amp; Gray, R.D. (2008). The Austronesian Basic Vocabulary Database: From Bioinformatics to Lexomics. Evolutionary Bioinformatics, 4:271-283.",abvdphilippines,10.5281/zenodo.13304336,v1.0
lundgrenomagoa,lundgrenomagoa,"CLDF dataset derived from Lundgren's ""Phonological Reconstruction of Proto-Omagua-Kokama-Tupinambá"" from 2020",Olof Lundgren,Johann-Mattis List,"Lundgren, Olof (2020): A phonological reconstruction of Proto-Omagua-Kokama-Tupinambá. Master&#x27;s thesis. Lund: Lund University.",lundgrenomagoa,10.5281/zenodo.13319013,v1.1
leekoreanic,leekoreanic,"CLDF dataset derived from Lee's ""Sketch of Language History in the Korean Peninsula"" from 2015",Sean Lee,Simon J. Greenhill AND Christoph Rzymski,"Lee, Sean (2015). A Sketch of Language History in the Korean Peninsula. PLoS ONE 10(5): e0128448. doi:10.1371/journal.pone.0128448",leekoreanic,10.5281/zenodo.13254649,v1.1
leejaponic,leejaponic,"CLDF dataset derived from Lee and Hasegawa's ""Bayesian phylogenetic analysis supports an agricultural origin of Japonic languages"" from 2011",Sean Lee AND Toshikazu Hasegawa,Christoph Rzymski,"Lee, Sean and Hasegawa, Toshikazu (2011). Bayesian phylogenetic analysis supports an agricultural origin of Japonic languages. Proceedings of the Royal Society B: Biological Sciences, 278(1725), 3662–3669. doi:10.1098/rspb.2011.0518.",leejaponic,10.5281/zenodo.13254646,v1.1
walworthpolynesian,walworthpolynesian,"CLDF dataset derived from Walworth's ""Polynesian Segmented Data"" from 2018",Mary Walworth,Johann-Mattis List,"Walworth, Mary. (2018). Polynesian Segmented Data (Version 1) [Data set]. Zenodo. http://doi.org/10.5281/zenodo.1689909",walworthpolynesian,10.5281/zenodo.13218906,v1.1
abvdoceanic,abvdoceanic,"CLDF dataset derived from Greenhill et al.'s ""Austronesian Basic Vocabulary Database"" from 2020 focusing on Oceanic languages",Simon J. Greenhill AND Mary Walworth AND Isaac Stead AND Tihomir Rangelov,Johann-Mattis List AND Frederic Blum,"Greenhill, S.J., Blust. R, &amp; Gray, R.D. (2008). The Austronesian Basic Vocabulary Database: From Bioinformatics to Lexomics. Evolutionary Bioinformatics, 4:271-283.",abvdoceanic,10.5281/zenodo.13149095,v0.3
servamalagasy,servamalagasy,"CLDF dataset derived from Serva's ""Dialects of Madagascar"" from 2020",Maurizio Serva AND Michele Pasquini,Johann-Mattis List,"Serva M., Pasquini M. (2020): Dialects of Madagascar, PLoS ONE 15(10).",servamalagasy,10.5281/zenodo.13168397,v1.1
kesslersignificance,kesslersignificance,"CLDF Dataset derived from Kessler's ""Significance of Wordlists"" from 2001","Kessler, B.",Johann-Mattis List,"Kessler, B. (2001): The Significance of Wordlists. CSLI: Stanford.",kesslersignificance,10.5281/zenodo.13235043,v1.1
hattorijaponic,hattorijaponic,"CLDF Dataset derived from Hattori's ""Japanese Dialects"" from 1973",Shirō Hattori,Johann-Mattis List,"Hattori, S. (1973): Japanese dialects. In: Diachronic, areal and typological linguistics. Edited by H. M. Hoenigswald and R. H. Langacre. 368-400.",hattorijaponic,10.5281/zenodo.13169462,v1.1
blustaustronesian,blustaustronesian,CLDF dataset derived from Blust's Austronesian data coded for the Austronesian Basic Vocabulary Database from 2008,Robert Blust AND Simon Greenhill,Johann-Mattis List,"Greenhill, SJ; Blust, R and Gray, RD (2008): The Austronesian Basic Vocabulary Database: From bioinformatics to lexomics. Evolutionary Bioinformatics. 4. 271-283.",blustaustronesian,10.5281/zenodo.13150156,v1.1
